locality,listings,median_psf
aditya birla hospital marg,1,5428.571428571428
airport road,2,6170.818173337066
ajmera colony,1,6395.3488372093025
akurdi,14,5421.455938697318
alandi,9,4000.0
alandi road,1,6666.666666666667
amanora park town,1,6666.666666666667
ambe gaon,5,5996.7585089141
ambedkar nagar,4,4938.536585365853
ambegaon bk,7,5176.470588235294
ambegaon budruk,41,5384.615384615385
ambegaon khurd,4,4456.057866184448
ambegaon pathar,4,4220.3556580846525
ambegaon road,2,9194.220824839627
anand nagar,3,5668.449197860962
anand park,2,10529.434250764527
ashok nagar,12,7686.612926088215
aundh,209,10476.441168728612
aundh annexe,2,7244.757863205192
aundh baner link road,2,10489.536703733713
aundh gaon,1,7351.351351351352
aundh road,2,10095.074565169003
badhan nagar,1,8333.333333333334
bakhori,2,4436.805705418709
balaji nagar,9,4571.428571428572
balewadi,452,7071.099739637293
balewadi high street,4,6186.937152456594
balewadi road,5,7389.162561576355
baner,992,7497.323340471092
baner balewadi road,3,7246.376811594203
baner gaon,1,6203.47394540943
baner highway side road,1,7037.037037037037
baner pashan link road,71,8306.70926517572
baner road,18,7344.322344322344
bavdhan,644,6666.666666666667
bavdhan khurd,1,7631.578947368421
bavdhan patil nagar,3,7727.272727272727
bebadohal,1,5700.0
benkar nagar,1,5917.15976331361
bhairav nagar,5,4941.176470588235
bhandarkar road,6,16856.275303643724
bharati vidyapeeth,7,6413.04347826087
bhatewara nagar chinchwad,2,5792.456335934597
bhau patil road,2,8064.073098400479
bhavani peth,2,7308.300395256917
bhawani peth,3,7696.969696969697
bhekarai nagar,8,4122.80701754386
bhosari,8,5179.811507936508
bhosle nagar,8,14017.441860465116
bhoslenagar,8,15216.40826873385
bhugaon,17,5665.1492159838135
bhujbal vasti,1,6741.935483870968
bhukum,4,5422.131765415348
bhumkar bridge,1,6069.651741293533
bhumkar nagar,4,5830.77709611452
bhusari colony,4,8776.748971193416
bhusari colony left,1,7666.666666666667
bhusari colony right,2,8805.860805860806
bibvewadi,1,7586.206896551724
bibwewadi,77,7662.835249042146
bibwewadi kondhwa road,2,9383.224795308995
bijali nagar pimprichinchwad,1,5673.758865248227
boat club road,604,13895.663956639566
bopkhel,1,4200.0
bopodi,6,10398.629148629148
bt kawade road,1,6923.076923076923
bt kawde,2,5790.010193679918
bund garden,200,11666.666666666666
bund garden road,2,11250.0
burhani colony road,1,9090.90909090909
camp,3,8064.5161290322585
chakan,16,3962.6168224299063
chandkhed,1,7261.9047619047615
charholi budruk,3,4606.365159128978
chikali road,1,6455.399061032864
chikhali,19,5063.291139240507
chikhali pimpri chinchwad new town development authority,2,6273.984442523768
chikhali road,1,5597.722960151803
chinchwad,24,6388.888888888889
chinchwad gaon road,3,5912.1621621621625
chinchwad station road,2,4463.216910371998
chintamani nagar,1,4930.966469428008
dange chowk road,2,6410.25641025641
dapodi,3,6500.0
dattanagar,5,5000.0
dattavadi,4,6948.085173377416
deccan gymkhana,13,16058.823529411764
deep bunglow chawk,1,11304.347826086956
dehu road,2,3500.0
dhanakwadi,21,4702.194357366771
dhankawadi road,7,4700.0
dhanori,171,5350.3184713375795
dhanorilohegaon road,1,5150.214592274678
dhanukar colony,6,10076.923076923078
dhayari,255,6324.786324786325
dhayari ganesh nagar,7,4833.333333333333
dhayari phata,46,4807.692307692308
dhole patil road,66,8846.153846153846
dighi,13,4834.254143646409
dsk road,2,5327.2027373823785
dsk vishwa road,4,5139.428053830228
eon free zone,5,8181.480104127929
erandwane,50,13001.543209876543
fatima nagar,23,6470.588235294118
fergusson college road,2,15840.216830149717
gadital,1,6117.64705882353
gahunje,89,7491.5824915824915
gajanan nagar,1,5000.0
ganesh nagar,3,6042.296072507553
ganeshkhind road,1,13797.766019988243
gera emerald city road,1,5394.524959742351
ghole road,3,15163.934426229509
ghorpadi,6,5986.590038314176
giridhar nagar,2,5591.018217765852
gokul nagar,3,5043.478260869565
gujarat colony road,1,5614.035087719299
gulab nagar pune,1,5000.0
gultekdi,10,10578.849721706865
guru nanak nagar,1,6451.612903225807
guruwar peth,1,6837.606837606838
hadapsar,1278,5882.35294117647
hadapsar fursungi road,3,4024.390243902439
hadapsar gaon,7,5594.4055944055945
hadapsar handewadi road,3,5199.306759098787
hadapsar tukai nagar,1,4939.919893190921
handewadi,73,4513.274336283186
handewadi road,21,4456.32798573975
hanuman nagar,2,12527.633404670632
happy colony lane,1,12005.649717514125
hingne khurd,4,5620.407277854605
hinjawadi phase 3,4,5542.796384901649
hinjewadi,723,5909.090909090909
hinjewadi phase 1,10,6059.194428759646
hinjewadi phase 2,16,5718.04948756177
hinjewadi phase 2 road,2,5293.478260869565
indira nagar,1,4354.8387096774195
indrayani nagar sector 2,4,5689.187455321957
ingawale nagar,2,7737.774355025029
iti road,2,9981.2382739212
jambhul,4,3993.5072013021927
jambhulwadi,1,10000.0
jambhulwadi road,1,4186.046511627907
jm road,1,14285.714285714286
kad nagar,1,8173.076923076923
kalas,2,6162.063574778531
kale padal,17,5000.0
kalewadi,5,6111.111111111111
kalewadi main,1,5477.031802120141
kalwad area,1,5833.333333333333
kalyani nagar,2826,10124.489570687561
kalyani nagar annexe,7,7429.718875502008
kamgar nagar pimprichinchwad,1,4666.666666666667
karve nagar,67,8854.166666666666
karve road,3,13509.490137700037
karvenagar,2,9463.863190654843
kasarwadi,8,5967.041198501873
kaspate vasti,8,6407.43489625351
katraj,51,5913.04347826087
katraj kondhwa road,21,4900.0
kedari nagar,1,6000.0
kendriya vihar road pimprichinchwad,1,4380.952380952381
keshav nagar,65,6173.913043478261
kesnand,2,4291.922290388548
khandala,1,5434.782608695652
kharadi,4303,6410.25641025641
kirkatwadi,3,3869.969040247678
kirti nagar,1,4814.814814814815
kiwale,3,4396.551724137931
kolhewadi,2,3899.48006932409
konark avenue 9,1,13642.564802182811
kondhawe dhawade,1,4413.3476856835305
kondhwa,205,5751.07296137339
kondhwa bk,1,5370.37037037037
kondhwa budruk,7,5383.0227743271225
kondhwa khurd,2,6000.0
kondwa khurd road,1,5600.0
koregaon park,2193,12000.0
koregaon park annexe,3,8013.937282229966
kothrud,80,9629.545454545456
kothrud bus stand road,1,9672.619047619048
kothrud depot road,1,5000.0
krishnanagar road,1,9000.0
kudale baug,2,6186.919840616165
kumar aangan society opposite shah hospital yerwada pune 411006,1,8000.0
kunal icon road,1,7413.509060955519
lavasa,2,5627.450980392157
law collage road,18,14956.140350877193
law college rd,1,12907.608695652174
laxman nagar,5,9253.731343283582
laxmi nagar,2,6619.337228234843
lohegaon,69,5315.110098709188
lohegaon road,1,3500.0
lokmanya nagar,1,10454.545454545454
lonavala road,12,6486.0825150459295
loni kalbhor,1,4426.229508196721
lonikand,1,4122.80701754386
lulla nagar,25,6363.636363636364
madhav nagar,1,5000.0
magarpatta,29,7352.941176470588
magarpatta city,1,6996.855345911949
magarpatta road,2,11196.668366479687
mahadev nagar,1,5647.058823529412
mahalunge,85,6199.0
mahatma society,1,7777.777777777777
malwadi,1,6432.748538011696
malwadi hadapsar,1,4750.593824228028
mamurdi,7,4250.0
mangal nagar,1,6284.916201117318
mangaldas road,5,10833.333333333334
mangdewadi,1,3636.3636363636365
manik bagh,2,6418.171128173203
manik baug,4,4622.222222222223
manjari,188,5090.870419979261
manjari budruk,6,4621.034575149693
manjri village road,1,5000.0
market yard,17,9733.333333333334
marunji,6,4317.12962962963
maval,7,6989.748369058714
mayur colony,1,9545.454545454546
meeta nagar,2,4114.973262032086
mit college road,1,9473.684210526315
model colony,51,16172.506738544475
mohamadwadi,8,6302.176736132583
mohammed wadi,1,4666.666666666667
mohan nagar,1,6232.686980609418
moraya ganapati mandir road,1,6909.090909090909
morewadi,2,5854.27135678392
moshi,28,4731.57415832575
moshi pradhikaran pimprichinchwad,2,5955.2909522855425
mukund nagar,10,11654.358285778226
mumbai pune highway,11,7454.289732770745
mundhwa,386,6564.551422319475
nagpur chal,1,7200.0
nana peth,1,8500.0
nanded,1,6379.310344827586
nanded city sinhgad road,7,6607.142857142857
nanded phata,2,4573.529411764706
nandel fata pune,1,7032.9670329670325
narhe,33,4894.514767932489
narhe gaon,1,4834.605597964377
narhe road,2,5344.709115895556
national highway 48,1,6730.7692307692305
navi peth,2,9834.947183098591
nda pashan road,1,7833.333333333333
nehru nagar,1,6875.0
nere,1,4516.129032258064
new dp road,1,8631.578947368422
new sangavi,1,4923.076923076923
new sanghvi,7,5916.666666666667
nibm,106,6434.624697336561
nibm annex mohammadwadi,205,5362.31884057971
nibm annexe,21,4465.882352941177
nibm junction,1,6545.454545454545
nibm post office road,1,5058.823529411765
nibm road,42,5562.271062271062
nigdi,7,5952.380952380952
nigdi sector 21,1,6557.377049180328
nighoje,1,7005.649717514124
nilanjali society,2,14548.437616526215
nilgiri lane,1,9310.344827586207
north hadapsar,1,7444.444444444444
old mumbai pune highway,1,5333.333333333333
old mumbai road,2,4752.525252525253
old sanghvi,5,6181.818181818182
omkar colony road,1,3750.0
padmavati,3,7804.878048780488
pancard club road,1,7469.512195121952
panchgani wai road,1,5200.0
papde wasti,1,5565.217391304348
parandwadi road,1,3818.181818181818
parihar chowk,1,9696.969696969696
parkhe vasti,1,6788.665879574971
parvati,1,9400.0
parvati darshan,3,8603.238866396761
parvati gaon,5,8428.57142857143
pashan,108,8295.709935710278
pashan sus road,12,6875.805005718761
patwardhan baug road,1,13954.305799648506
paud rd,1,8000.0
perugate,1,11218.836565096954
phase 3 pune,1,3980.0995024875624
phursungi,46,4750.54598398447
pimple gurav,45,6130.268199233717
pimple nilakh,140,7228.490832157969
pimple nilakh road,2,6684.322033898305
pimple saudagar,219,6820.566631689402
pimpri,21,6657.42024965326
pimpri chinchwad,2,4826.086956521739
pimprigaon,2,4571.428571428572
pingale wasti,1,6129.032258064516
pirangut,7,4835.766423357664
pisoli,49,4100.0
porwal road,1,3353.828954723309
prabhat road,41,14893.617021276596
pradhikaran nigdi,7,5500.0
pratik nagar,1,6896.551724137931
punawale,30,5641.983265644314
pune link road,1,9117.64705882353
pune mumbai expressway,2,8793.871429850478
pune mumbai road,1,4306.0241286863275
pune nagar road,2,7196.793002915452
pune pandharpur road,1,6451.612903225807
pune saswad road,1,4263.565891472868
pune satara road,5,8333.333333333334
pune solapur road,9,5147.058823529412
pune station,2,6961.538461538461
punesolapur highway,1,4807.692307692308
purnanagar,1,5066.666666666667
rahatani,95,6428.571428571428
rahatani rajgad colony,1,6250.0
raigad district,1,4850.0
raje shivaji nagar pimprichinchwad,1,5415.162454873646
ram nagar,1,6875.0
rasikwadi,3,5655.058043117745
rasta peth,5,9230.76923076923
ravet,74,5705.31208499336
sadashiv peth,6,9613.095238095237
sahakar nagar,18,10837.777910948642
sahakar nagar ii,5,11359.223300970874
sakore nagar,1,6122.448979591837
salisbury park,21,10520.833333333334
salunke vihar,9,5669.291338582677
samarth colony,5,9950.248756218905
sanaswadi,4,3748.4907027288095
sanewadi,1,11428.57142857143
sangamvadi,311,14742.014742014742
sanjay park,1,6086.95652173913
sasane nagar,60,4814.299785619097
saswad road,1,4590.163934426229
satar nagar,1,4553.119730185497
satara road,2,10387.559808612441
satavwadi,1,5722.543352601156
sathe wasti,2,4397.727272727272
sector no1 bhosari,1,6392.045454545455
senapati bapat road,20,12860.998650472335
shahu nagar,1,4470.588235294118
shahunagar,1,6923.076923076923
shankar kalat nagar,21,6599.378881987577
shankar sheth road,1,9000.0
shankarseth road,2,10429.469901168013
shastri nagar,169,8750.0
shedge vasti pimprichinchwad,1,7222.222222222223
shewalewadi,2,5297.619047619048
shikrapur,1,3817.9148311306903
shiv colony,1,3488.3720930232557
shivaji hsg soc,1,12820.51282051282
shivaji nagar,16,16407.867494824015
shivane,8,4517.397680309292
shivapur,4,3925.6984245290296
sholapur road,2,4620.683887723882
shukrawar peth,1,8750.0
siddharth nagar,1,6451.612903225807
sinhagad fort,1,4938.271604938272
sinhagad road,3,5090.909090909091
sinhgad road,83,7051.282051282052
somatane phata,1,3744.493392070485
someshwarwadi,1,8000.0
somwar peth,2,7735.294117647059
sopan baug,39,8398.950131233596
sukhsagar nagar,26,5779.724067612993
sun city,1,10000.0
sun city road,8,4160.0
sunita nagar,1,3666.6666666666665
sus,137,6017.310252996005
sus gaon,16,5953.952193539723
sus road,5,5901.639344262295
swaraj nagari,1,3600.0
swargate,4,12111.111111111111
tadiwala road,2,9000.0
talegaon,3,3932.5842696629215
talegaon dabhade,43,4444.444444444444
talegaon dhamdhere,1,3381.6425120772947
talwade,2,3739.130434782609
tanaji nagar,1,5000.0
tathawade,141,6595.789473684211
thergaon,12,5923.076923076923
thite nagar,1,5000.0
tingre nagar,165,6120.218579234973
tukai darshan,1,4153.846153846154
tukaram nagar,2,5310.385407472786
tulaja bhawani nagar,8,5899.13918274217
tungarli,1,6000.0
ubale nagar,2,5304.642166344294
uday baug,1,8292.682926829268
undri,481,4803.493449781659
undri hadapsar road,2,4057.6923076923076
upper indira nagar,1,4909.090909090909
urbangram kirkatwadi road,1,4494.38202247191
uruli kanchan,1,3461.5384615384614
vadgaon budruk,30,6403.153153153153
vadgaon maval,3,3476.82119205298
vadgaon sheri,82,5515.350877192983
varale,1,3977.2727272727275
varanasi society internal road,1,6991.869918699187
vastu udyog road,1,5454.545454545455
veerbhadra nagar,4,6643.518518518518
vighnaharta nagar,1,6260.2965403624385
vijay nagar,1,6666.666666666667
viman nagar,3093,7663.551401869159
vishal nagar,2,6142.047096712038
vishrantwadi,169,6250.0
vit college road,1,5849.802371541502
wadagaon road,2,5523.156089193825
wadgaon budruk,1,5090.909090909091
wadgaon sheri,471,7272.727272727273
wagholi,2514,4666.666666666667
wakad,795,6625.766871165644
wakad chowk road,1,7142.857142857143
wakad road,2,5659.285159285159
wakadkar wasti,4,6713.9639639639645
walvekar nagar,2,13515.769944341373
wanowrie,120,6920.498084291188
wanwadi,8,7418.1222707423585
wanwari,3,7800.0
warje,41,6976.7441860465115
warje malwadi,2,5891.949152542373
yashwant nagar,1,8125.0
yerawada,222,8082.201180183889
yewalewadi,4,4818.0354267310795
